subclone_ID	frequencies
1	0.977598092246
2	0.920422561371
3	0.901637640077
4	0.89233229126
5	0.83820492464
6	0.794441077934
7	0.71654075975
8	0.715170811675
9	0.688913356339
10	0.649483458475
11	0.438863406222
12	0.420083622412
13	0.289985676679
14	0.164152352583
15	0.0798475803382
16	0.0661627711533
17	0.043706893044
18	0.0157586947388
19	0.194945758771
20	0.0293424620318
