subclone_ID	frequencies
1	0.808239068255
2	0.779575656554
3	0.754674534582
4	0.663232058821
5	0.641561971746
6	0.609967603492
7	0.598224596283
8	0.033123887553
9	0.126570967881
10	0.097517768828
11	0.0928585955375
12	0.0460009248484
13	0.00400290379709
14	0.550695824731
15	0.550615135229
16	0.198887804928
17	0.175602487168
18	0.143230355885
19	0.0812377125269
20	0.0409241527564
