subclone_ID	frequencies
1	0.699168974731
2	0.675506323052
3	0.632615735796
4	0.621470416778
5	0.0290527862632
6	0.574459685106
7	0.49359210471
8	0.439776597062
9	0.290354321983
10	0.277394332545
11	0.186874556153
12	0.0224335432561
13	0.090529627624
14	0.0888788908327
15	0.0723127515074
16	0.0454507419906
17	0.0735931225527
18	0.0142941912282
19	0.0215790196468
20	0.00856073780495
