subclone_ID	frequencies
1	0.887449347809
2	0.74904032587
3	0.676906970275
4	0.394337895857
5	0.221753056696
6	0.107976755454
7	0.0196156453891
8	0.0121546435634
9	0.0350362756257
10	0.349391829495
11	0.310204908031
12	0.209580943942
13	0.147087671734
14	0.137837320186
15	0.116594496484
16	0.127591628263
17	0.0928801999828
18	0.0299406007911
19	0.0899303139739
20	0.0361565832353
