subclone_ID	frequencies
1	0.960756265984
2	0.895770655693
3	0.877273785154
4	0.865113356648
5	0.827574618024
6	0.819125185428
7	0.588258895807
8	0.545535081481
9	0.505395021235
10	0.502637619908
11	0.496495490365
12	0.2940147001
13	0.245184271469
14	0.0806937375874
15	0.0474392073455
16	0.185205529053
17	0.0828754944035
18	0.0317179390062
19	0.193209562372
20	0.164218833596
