subclone_ID	frequencies
1	0.0466183193221
2	0.157397769807
3	0.0368417742864
4	0.0186008840106
5	0.0171130174798
6	0.709413412947
7	0.652084732665
8	0.615658874376
9	0.613495770071
10	0.577807685739
11	0.530559061783
12	0.486076222596
13	0.342124925499
14	0.330193526427
15	0.271959875414
16	0.217010416793
17	0.208180715869
18	0.154120161488
19	0.13983780677
20	0.123847267226
