subclone_ID	frequencies
1	0.0154326856706
2	0.0101578996956
3	0.372042695927
4	0.0604561507764
5	0.0481532375525
6	0.289310072378
7	0.275268389565
8	0.0575208002586
9	0.570463895419
10	0.559552442449
11	0.434657143103
12	0.43327916579
13	0.369038827174
14	0.230595922795
15	0.153463742141
16	0.145513770447
17	0.0947426085859
18	0.0323766731806
19	0.018911943083
20	0.00702398105407
