subclone_ID	frequencies
1	0.741371749461
2	0.0569164512251
3	0.629476601953
4	0.589629813788
5	0.475809793441
6	0.358544503298
7	0.343011094805
8	0.239125421038
9	0.162905088852
10	0.015417137193
11	0.0383146764441
12	0.00470829756543
13	0.0223443542818
14	0.0523395208499
15	0.22141442401
16	0.208026355441
17	0.167159481506
18	0.125590213464
19	0.111289757539
20	0.0766973169575
