subclone_ID	frequencies
1	0.813867513863
2	0.171909812484
3	0.104870910256
4	0.737436167292
5	0.294793981932
6	0.294594303671
7	0.245292257908
8	0.244018392063
9	0.130118780202
10	0.0369799142284
11	0.0740129329481
12	0.0322832334936
13	0.0166293928393
14	0.0125888738995
15	0.396731986523
16	0.0919004936077
17	0.0328491700164
18	0.0221546778508
19	0.0547582689406
20	0.000258498676065
