subclone_ID	frequencies
1	0.468525425052
2	0.343816465282
3	0.200177586506
4	0.145552935053
5	0.126799239716
6	0.102574283059
7	0.101367133173
8	0.0802839192287
9	0.477404712942
10	0.00373563991351
11	0.119059395011
12	0.406619826565
13	0.33304775711
14	0.328358784266
15	0.272014009966
16	0.163745358049
17	0.034244627033
18	0.118195177579
19	0.0950978997168
20	0.051535724417
