subclone_ID	frequencies
1	0.961184108355
2	0.931443411808
3	0.641280259596
4	0.182488385479
5	0.196095267421
6	0.129909695714
7	0.129255284352
8	0.105236351679
9	0.447636759326
10	0.129085076778
11	0.044995845211
12	0.444410379674
13	0.203960532857
14	0.0819425443603
15	0.0471723046851
16	0.00386405829859
17	0.0431441166556
18	0.0239168020812
19	0.0118567637198
20	0.00799148549736
