subclone_ID	frequencies
1	0.994313210523
2	0.227396632848
3	0.098655469422
4	0.0312803312842
5	0.673567101237
6	0.644658767444
7	0.628176295006
8	0.184392815322
9	0.0966745779947
10	0.0637702765724
11	0.0374247850276
12	0.00849712804819
13	0.396412103696
14	0.26424872286
15	0.106154952065
16	0.0884482644777
17	0.0764142030122
18	0.0275163037943
19	0.00713916866956
20	0.00275854902102
