subclone_ID	frequencies
1	0.798588342821
2	0.781774180401
3	0.739308620703
4	0.729600088576
5	0.710911959874
6	0.622170015808
7	0.49505707705
8	0.440765550649
9	0.189179317574
10	0.177603892286
11	0.172878836295
12	0.049619539352
13	0.0889050896916
14	0.0471049671619
15	0.226512287178
16	0.190145560041
17	0.0546232259683
18	0.153478170254
19	0.0148639364784
20	0.0108844417549
