subclone_ID	frequencies
1	0.985970547661
2	0.869446059553
3	0.721171117185
4	0.705519842889
5	0.0574188848961
6	0.626504065575
7	0.568959466489
8	0.391134932555
9	0.386430634192
10	0.381727749101
11	0.334731750847
12	0.323857312842
13	0.24352597019
14	0.241103860367
15	0.00112372255918
16	0.216445825601
17	0.198761174132
18	0.142707029293
19	0.0664189334357
20	0.000614833254046
