subclone_ID	frequencies
1	0.0874713909607
2	0.90872709516
3	0.804296039826
4	0.0258732134265
5	0.00752449886814
6	0.00392802314438
7	0.702503820049
8	0.602650442673
9	0.58506392514
10	0.130588955043
11	0.0680564401872
12	0.407399201283
13	0.278423770537
14	0.27597681004
15	0.155299549154
16	0.148079139843
17	0.143892964085
18	0.14243907485
19	0.036072574454
20	0.0514986660155
