subclone_ID	frequencies
1	0.806461287509
2	0.68859070547
3	0.673638488979
4	0.215546865449
5	0.116295043925
6	0.0776208684367
7	0.06838644715
8	0.103407539951
9	0.0983940710739
10	0.0439016248308
11	0.0344092061907
12	0.425812700408
13	0.163304783568
14	0.0767098043241
15	0.175220101742
16	0.144911622867
17	0.139048904978
18	0.135448207883
19	0.0864915821382
20	0.0654546521407
