subclone_ID	frequencies
1	0.565012746756
2	0.549505735949
3	0.437858647858
4	0.405582700319
5	0.391445614508
6	0.163460735659
7	0.0226730949995
8	0.114847013291
9	0.337957259879
10	0.242861597879
11	0.174798119823
12	0.146977101306
13	0.0116392233019
14	0.0726042245346
15	0.0694767669389
16	0.000498835068113
17	0.13255417558
18	0.0982870646638
19	0.04346824023
20	0.0818247045269
