subclone_ID	frequencies
1	0.986770011354
2	0.930997008362
3	0.340321355602
4	0.14990744589
5	0.147039643291
6	0.10256426106
7	0.0725477717841
8	0.263015323158
9	0.122157184325
10	0.000371976726091
11	0.0462994363461
12	0.239014054206
13	0.22617540068
14	0.211001981249
15	0.184935258993
16	0.151855392266
17	0.139757849057
18	0.093662047267
19	0.0874663849536
20	0.00880559548756
