subclone_ID	frequencies
1	0.944790507286
2	0.297285704981
3	0.0868044107776
4	0.633349818043
5	0.546809346244
6	0.543153179819
7	0.508549602225
8	0.464687139916
9	0.458564102173
10	0.4504468031
11	0.358730684507
12	0.346056827739
13	0.300753298359
14	0.139597099795
15	0.130871208193
16	0.078781974779
17	0.0419106286512
18	0.117315750753
19	0.0628738169941
20	0.0168083711787
