subclone_ID	frequencies
1	0.866164973071
2	0.841802187309
3	0.723250557596
4	0.682568295026
5	0.326194242009
6	0.252660702224
7	0.222934483371
8	0.11636816549
9	0.110949435376
10	0.0555661623472
11	0.053770799003
12	0.0397301434794
13	0.296401770903
14	0.27552855094
15	0.256146188444
16	0.251586952199
17	0.121033824088
18	0.119246286739
19	0.00952513301508
20	0.00488803047424
