subclone_ID	frequencies
1	0.993015088906
2	0.872349413714
3	0.795098906338
4	0.520159355792
5	0.501035476976
6	0.1621828596
7	0.153913767429
8	0.150002513773
9	0.101456742151
10	0.396000605964
11	0.377168613719
12	0.353291594781
13	0.32030967466
14	0.247758173884
15	0.205665853959
16	0.168859755472
17	0.122135046021
18	0.113796735579
19	0.0991243474484
20	0.0760237369055
