subclone_ID	frequencies
1	0.642373768339
2	0.591358843276
3	0.0269098517417
4	0.00862990788459
5	0.535745873442
6	0.374235222327
7	0.122886678086
8	0.111258157872
9	0.162566072122
10	0.131398377979
11	0.111841948041
12	0.102083410414
13	0.0903113650483
14	0.128785843264
15	0.0722318307447
16	0.0503224622075
17	0.0170121449742
18	0.0948669008539
19	0.0234528833033
20	0.0821523732301
