subclone_ID	frequencies
1	0.997566632334
2	0.995121418521
3	0.837169005487
4	0.776065998006
5	0.775712602916
6	0.748789261574
7	0.733576764179
8	0.700190421559
9	0.387349736534
10	0.385097802713
11	0.349617830522
12	0.293033357651
13	0.215708461413
14	0.114655971858
15	0.0950794520434
16	0.325100063499
17	0.317099877354
18	0.310039861873
19	0.199314472181
20	0.174832285056
