subclone_ID	frequencies
1	0.884594393127
2	0.0955922554778
3	0.000689547334375
4	0.734715070506
5	0.731991776708
6	0.685031367081
7	0.679457052872
8	0.669094523392
9	0.57196979335
10	0.0509761213188
11	0.472582521119
12	0.44165692625
13	0.0880052453875
14	0.0531408275515
15	0.0439075760392
16	0.0151070707579
17	0.259386242109
18	0.22864276621
19	0.191383934705
20	0.0325836082544
