subclone_ID	frequencies
1	0.998238616423
2	0.885696098087
3	0.512030086377
4	0.373216784139
5	0.33710927413
6	0.00992735526666
7	0.0641711269883
8	0.0308556130704
9	0.271472095657
10	0.255906230221
11	0.20386276598
12	0.174523869671
13	0.338067211579
14	0.221046898109
15	0.0172950998462
16	0.0309371596876
17	0.0198602327819
18	0.000887246110507
19	0.0107585283137
20	0.0793923442078
