subclone_ID	frequencies
1	0.533756962167
2	0.461155803919
3	0.438156425217
4	0.328442569758
5	0.160565880945
6	0.156839067748
7	0.0760950761791
8	0.0296295659097
9	0.461480882935
10	0.428900585777
11	0.404354888053
12	0.388960924703
13	0.37633812919
14	0.351742759566
15	0.182582850715
16	0.179547176564
17	0.179522937562
18	0.0967009428211
19	0.0949789183128
20	0.000245202844626
