subclone_ID	frequencies
1	0.0714268973858
2	0.915356481443
3	0.84624595817
4	0.825738817296
5	0.738968932932
6	0.186391272357
7	0.12189716274
8	0.0653200958445
9	0.475932709235
10	0.447473867844
11	0.191520214397
12	0.191047967845
13	0.252066002941
14	0.230388212584
15	0.117451084153
16	0.0905667252422
17	0.0569099802526
18	0.178552753433
19	0.0426327204863
20	0.0192912737907
