subclone_ID	frequencies
1	0.171014209348
2	0.024490935077
3	0.819299312708
4	0.691438321004
5	0.592167186339
6	0.19029263461
7	0.174098287985
8	0.166331244258
9	0.0259922917759
10	0.0036579989859
11	0.357192730566
12	0.305614229367
13	0.169030335747
14	0.0709207257784
15	0.0499288973486
16	0.0370508045767
17	0.0175495294248
18	0.0121933564938
19	0.0763779776814
20	0.0583639613128
