subclone_ID	frequencies
1	0.99851234987
2	0.95470615389
3	0.93800710507
4	0.897168928929
5	0.0373926807734
6	0.00891262222277
7	0.699408067257
8	0.231518529782
9	0.178651008341
10	0.150067767833
11	0.102471255612
12	0.431640065302
13	0.409093713049
14	0.342535243268
15	0.27038798888
16	0.214293492478
17	0.152264249934
18	0.108247479329
19	0.00349522629174
20	0.0255562027764
