subclone_ID	frequencies
1	0.916413573289
2	0.209988461022
3	0.117021997622
4	0.0131419750922
5	0.480297039601
6	0.0864337192076
7	0.0702085450638
8	0.0981996110885
9	0.00172663761789
10	0.22138538722
11	0.151337497559
12	0.122969244495
13	0.0531647242473
14	0.224076046881
15	0.205216904214
16	0.136575678728
17	0.000468420109953
18	0.0689153836959
19	0.0278119591989
20	0.0511818456192
