subclone_ID	frequencies
1	0.888756608065
2	0.00680891410354
3	0.86650384192
4	0.257540688318
5	0.0402075076658
6	0.0248113817907
7	0.17263129649
8	0.0406000928489
9	0.571371351545
10	0.500237224192
11	0.368929065963
12	0.22851985277
13	0.206579902252
14	0.187768339085
15	0.152290382895
16	0.122640008351
17	0.122577178686
18	0.0770865957448
19	0.0510758340272
20	0.0394125074747
