subclone_ID	frequencies
1	0.819934088739
2	0.771235416542
3	0.760930598242
4	0.754449390091
5	0.750432043283
6	0.70500820393
7	0.663928997026
8	0.646839261305
9	0.555632661384
10	0.491703414705
11	0.487022106457
12	0.00843569976415
13	0.473718778277
14	0.38894888438
15	0.251018438468
16	0.213459835703
17	0.187166405914
18	0.0778671875757
19	0.0737880533084
20	0.0632682964231
