subclone_ID	frequencies
1	0.954224771952
2	0.808680802529
3	0.592145053374
4	0.173803278415
5	0.166817581853
6	0.101886812316
7	0.0484577181559
8	0.0396160664992
9	0.240478584292
10	0.00508823882433
11	0.199730296009
12	0.16374425971
13	0.145028087388
14	0.0492792927602
15	0.186408095443
16	0.177653992965
17	0.170675277391
18	0.167617788892
19	0.0994084877176
20	0.0172811978407
