subclone_ID	frequencies
1	0.94511643751
2	0.924638286214
3	0.0600228608857
4	0.0300226332847
5	0.00130682686209
6	0.830717917751
7	0.827263731809
8	0.806460190827
9	0.769656116063
10	0.578059532544
11	0.0164079467295
12	0.527963732398
13	0.409422788274
14	0.385080145849
15	0.252696840363
16	0.178904410926
17	0.164956509164
18	0.0431770321841
19	0.00974882223387
20	0.00268181303612
