subclone_ID	frequencies
1	0.918880658581
2	0.821460880284
3	0.771690206134
4	0.768590284199
5	0.767046004071
6	0.654544767668
7	0.153271211786
8	0.0593828255818
9	0.0244741815927
10	0.493375148371
11	0.424665981576
12	0.363982261155
13	0.342932988458
14	0.258098387389
15	0.20789981448
16	0.190682591765
17	0.132469237186
18	0.0745015370215
19	0.0407569149424
20	0.0355078577763
