subclone_ID	frequencies
1	0.994192198909
2	0.941653116947
3	0.81757377524
4	0.753054573724
5	0.737020961119
6	0.641318710131
7	0.528158068974
8	0.0141093011229
9	0.0140942795584
10	0.00205974073209
11	0.110699152925
12	0.102136191231
13	0.00592619719807
14	0.450075068789
15	0.378274730293
16	0.37710433825
17	0.345185841087
18	0.249332848991
19	0.156356934704
20	0.0523480125559
