subclone_ID	frequencies
1	0.202054359428
2	0.00560439045257
3	0.7664910831
4	0.516306553221
5	0.246915274316
6	0.0748480385079
7	0.0278045201627
8	0.0295351021511
9	0.0238159131053
10	0.217080213295
11	0.009272075515
12	0.102303722536
13	0.150274741408
14	0.123190744899
15	0.102970344481
16	0.0402868110759
17	0.0115415046501
18	0.112228207055
19	0.0451874527794
20	0.00266166213843
