subclone_ID	frequencies
1	0.380772176109
2	0.109214530511
3	0.100141220361
4	0.0747532670821
5	0.536929335748
6	0.508861910113
7	0.0756726471688
8	0.370794240458
9	0.343391688344
10	0.334682512537
11	0.128707706185
12	0.120108284744
13	0.0895270990337
14	0.179916210635
15	0.0501063763458
16	0.0401324945687
17	0.173198803481
18	0.167655688271
19	0.101966623257
20	0.0315377249153
