subclone_ID	frequencies
1	0.997216806281
2	0.762682145161
3	0.457134726551
4	0.00979206247563
5	0.288020197469
6	0.221784983539
7	0.202141116788
8	0.173052150507
9	0.146508502784
10	0.143530773273
11	0.127933797582
12	0.0645169438613
13	0.20805152546
14	0.155514836919
15	0.107190335237
16	0.0405829145542
17	0.00584593793743
18	0.346115384802
19	0.270604123427
20	0.00675425227066
