subclone_ID	frequencies
1	0.733939436008
2	0.712909792047
3	0.0183965114036
4	0.216354390875
5	0.0433285028797
6	0.63986248963
7	0.590690285848
8	0.530084808892
9	0.0803391486474
10	0.42376181432
11	0.108751574595
12	0.0869231104649
13	0.0460799770833
14	0.306940258079
15	0.117328744958
16	0.106131486966
17	0.146313197393
18	0.108078336654
19	0.087858496769
20	0.0778762517457
