subclone_ID	frequencies
1	0.802887550577
2	0.649744052558
3	0.208564683928
4	0.184250969065
5	0.105786240972
6	0.049373060014
7	0.0818727553036
8	0.133270281517
9	0.06583401022
10	0.422740507594
11	0.251595037159
12	0.230988691532
13	0.16245869069
14	0.15810225302
15	0.140156945761
16	0.106113535666
17	0.159535542267
18	0.0872492952311
19	0.0543647253023
20	0.063684958877
