subclone_ID	frequencies
1	0.851920199558
2	0.670771755229
3	0.584552938596
4	0.570614209911
5	0.145610501917
6	0.0629510183119
7	0.054844638482
8	0.135588330566
9	0.00713794507708
10	0.00777722655093
11	0.431647154009
12	0.388000575688
13	0.383407246226
14	0.323546260427
15	0.208733618378
16	0.115332767628
17	0.0617853656759
18	0.0652323630461
19	0.123727514059
20	0.00204332000202
