subclone_ID	frequencies
1	0.853194599138
2	0.335461159449
3	0.275486332863
4	0.214094194029
5	0.19361439008
6	0.279374275171
7	0.203502867557
8	0.128154933354
9	0.0950611385146
10	0.0397651772046
11	0.0292002825515
12	0.0619783242874
13	0.0535423970197
14	0.00153814292075
15	0.0331499405046
16	0.0206037350334
17	0.233720633092
18	0.190398059406
19	0.0528602445767
20	0.00889447178747
