subclone_ID	frequencies
1	0.982615400077
2	0.927073408561
3	0.906237640965
4	0.0490137266245
5	0.811496042743
6	0.771703437246
7	0.746553173843
8	0.720320061107
9	0.695552133131
10	0.196486083363
11	0.034101872725
12	0.0178441141473
13	0.0154197979152
14	0.119237419526
15	0.307149859174
16	0.29746256757
17	0.192558434856
18	0.139405437076
19	0.0850334997894
20	0.0617415501164
