subclone_ID	frequencies
1	0.920861485352
2	0.842027039333
3	0.782903405668
4	0.118591988519
5	0.0871414249394
6	0.0721239986764
7	0.0161882552859
8	0.00370722046218
9	0.625142041118
10	0.523209105596
11	0.20589927116
12	0.201338963322
13	0.0496296411778
14	0.0513060132754
15	0.15723383475
16	0.0997639247475
17	0.0963909084736
18	0.0368688118471
19	0.0178318014068
20	0.00987722745551
