subclone_ID	frequencies
1	0.965004012772
2	0.477474845597
3	0.247930900591
4	0.22092879897
5	0.191070938722
6	0.186263970197
7	0.0723934422699
8	0.0376672572293
9	0.0589736918433
10	0.0566006880028
11	0.445621325043
12	0.426685955426
13	0.413797839782
14	0.215317422234
15	0.148874867619
16	0.141675148984
17	0.0854050993209
18	0.0592626622018
19	0.0623181048248
20	0.117727975781
