subclone_ID	frequencies
1	0.810145387704
2	0.739209473196
3	0.654920718377
4	0.128150070128
5	0.514186668105
6	0.427916216717
7	0.16167232016
8	0.12307847855
9	0.0282463997275
10	0.0682094108228
11	0.0446553930357
12	0.0151293030327
13	0.0406618171034
14	0.0231251469674
15	0.26290968024
16	0.248672208805
17	0.173047976152
18	0.0769787315015
19	0.11459667174
20	0.043899358368
