subclone_ID	frequencies
1	0.981956049599
2	0.850519202294
3	0.766358396905
4	0.578950196574
5	0.476636334209
6	0.464130144209
7	0.00974770066191
8	0.387254445729
9	0.0466859169983
10	0.0252643982283
11	0.119111238406
12	0.0262862210457
13	0.385688690119
14	0.298584952928
15	0.285310958419
16	0.273140489779
17	0.259706774271
18	0.133666038282
19	0.0747166811274
20	0.0613206148933
