subclone_ID	frequencies
1	0.907148953928
2	0.605331358944
3	0.499109551539
4	0.463159657115
5	0.450836387626
6	0.445997500874
7	0.352323573595
8	0.241849330241
9	0.224974409285
10	0.175264341702
11	0.109877150556
12	0.101846004133
13	0.0833318191513
14	0.0426222446216
15	0.216223805522
16	0.0726868416152
17	0.0979663984078
18	0.0749316222351
19	0.0460304864243
20	0.0117210241584
