subclone_ID	frequencies
1	0.923066374295
2	0.325022814328
3	0.256070166977
4	0.164372637265
5	0.140423432891
6	0.596583361656
7	0.0123932244634
8	0.566763967467
9	0.421036640973
10	0.144737532449
11	0.0708243803851
12	0.127146015176
13	0.261665019536
14	0.217490670359
15	0.0238174237311
16	0.0443469328559
17	0.0341705659537
18	0.132005135366
19	0.115067304731
20	0.0688739271548
