subclone_ID	frequencies
1	0.246508836242
2	0.000432532441678
3	0.0403246525342
4	0.0223404920341
5	0.612725932009
6	0.178174706117
7	0.134113761645
8	0.0500267398272
9	0.156487782633
10	0.145398253647
11	0.104755818481
12	0.0177592224335
13	0.0152406873147
14	0.253025405141
15	0.187691642511
16	0.0392403623843
17	0.018737087992
18	0.00861751868042
19	0.0560107769841
20	0.0289194053907
