subclone_ID	frequencies
1	0.970569001267
2	0.75193776753
3	0.21661975017
4	0.109696557528
5	0.102384101506
6	0.0170958754695
7	0.122380087528
8	0.0676384091318
9	0.0486199536329
10	0.0150463932971
11	0.0120010305039
12	0.152043552445
13	0.304810680256
14	0.105610588439
15	0.0419408815317
16	0.0194939034406
17	0.191523364544
18	0.106227034814
19	0.0542093720982
20	0.0346088322953
