subclone_ID	frequencies
1	0.119108226698
2	0.835609488208
3	0.771306488393
4	0.52605860808
5	0.499384576506
6	0.118904144024
7	0.108879304785
8	0.467424066025
9	0.246831652581
10	0.224773362881
11	0.219144886443
12	0.201149198986
13	0.101585022824
14	0.0175338000481
15	0.0516606331264
16	0.169763270133
17	0.150070790681
18	0.0501823125981
19	0.0338256879315
20	0.0203551652954
