subclone_ID	frequencies
1	0.993806105833
2	0.984908370532
3	0.903612947378
4	0.847792442685
5	0.825610534824
6	0.801898871772
7	0.776780737057
8	0.77072121943
9	0.0838511508073
10	0.0173286967659
11	0.606956846094
12	0.0049358066207
13	0.557454112668
14	0.501537729233
15	0.495413457326
16	0.226556990576
17	0.142515153247
18	0.000763984911357
19	0.00411718933381
20	8.97046055836e-05
