subclone_ID	frequencies
1	0.913618559407
2	0.910639441475
3	0.585228384864
4	0.522472628901
5	0.512487838028
6	0.442694783741
7	0.0650234200796
8	0.0191994329835
9	0.34168703726
10	0.181456640906
11	0.0313450803892
12	0.178235175956
13	0.154690104719
14	0.0751151172617
15	0.0297608467564
16	0.279261598194
17	0.273063371313
18	0.250848051177
19	0.232173807388
20	0.0169510142009
