subclone_ID	frequencies
1	0.190522608381
2	0.0658174580728
3	0.00566214005091
4	0.091844020226
5	0.703572072851
6	0.609810919177
7	0.605729687124
8	0.554563004853
9	0.00181885771217
10	0.527041218216
11	0.452390174983
12	0.396774451909
13	0.32729567133
14	0.292063258257
15	0.286352661179
16	0.242332248512
17	0.134348923692
18	0.115436765044
19	0.0706193460546
20	0.052995804762
