subclone_ID	frequencies
1	0.102474479921
2	0.0692150821204
3	0.051729469506
4	0.0486942838164
5	0.00132352708779
6	0.826386314032
7	0.810744695208
8	0.792485548773
9	0.747605263029
10	0.691256649815
11	0.68201373189
12	0.612247691104
13	0.492024725837
14	0.491798427864
15	0.409063749792
16	0.398034266878
17	0.377641857657
18	0.358849226465
19	0.278849265017
20	0.20800842345
