subclone_ID	frequencies
1	0.0415603350896
2	0.903851397167
3	0.879262692824
4	0.793080014042
5	0.7123088272
6	0.0245221712197
7	0.0665140260882
8	0.0431993692118
9	0.0247936996701
10	0.0261104631789
11	0.479894426451
12	0.292158518211
13	0.26892579843
14	0.222517206979
15	0.148812065056
16	0.12823166924
17	0.197336981096
18	0.176839863712
19	0.0887297042311
20	0.017538408055
