subclone_ID	frequencies
1	0.481089710207
2	0.480544005366
3	0.302366744319
4	0.0964224215956
5	0.071212724599
6	0.0237528143138
7	0.343897813997
8	0.245792831945
9	0.221268140959
10	0.167464452508
11	0.136867896919
12	0.134116328726
13	0.126421274766
14	0.110263307751
15	0.0600663324094
16	0.191024156919
17	0.158536612726
18	0.131167550763
19	0.0193334093349
20	0.00741439269043
