subclone_ID	frequencies
1	0.0242574660613
2	0.952304872903
3	0.928499744491
4	0.917118592112
5	0.844344554174
6	0.170414746622
7	0.0745617360832
8	0.629137475353
9	0.339681240462
10	0.274155670067
11	0.143980113935
12	0.13193284326
13	0.118375581234
14	0.0805150057059
15	0.0375889527857
16	0.251505090674
17	0.171615896902
18	0.159552903751
19	0.142718113073
20	0.117174881459
