subclone_ID	frequencies
1	0.524239725847
2	0.475753551726
3	0.0881371873742
4	0.469806087337
5	0.0162511287547
6	0.32466996633
7	0.324014777901
8	0.127876442085
9	0.047658587012
10	0.0300651012505
11	0.135267027797
12	0.027426868832
13	0.296039053818
14	0.276911484951
15	0.1521332372
16	0.130315432855
17	0.1272177924
18	0.0378657309941
19	0.0341408630767
20	0.0958369518585
