subclone_ID	frequencies
1	0.980393164203
2	0.962633788432
3	0.894839667361
4	0.85615587856
5	0.819895501402
6	0.815331351098
7	0.771447036145
8	0.403062808728
9	0.307308824053
10	0.161588350743
11	0.146835860926
12	0.11031714348
13	0.0184067953045
14	0.350652965171
15	0.340477783759
16	0.297171458238
17	0.217810512403
18	0.176647806816
19	0.0577938993977
20	0.0431629462683
