subclone_ID	frequencies
1	0.0664276146035
2	0.829416870035
3	0.660225598667
4	0.596145942286
5	0.038394765971
6	0.0311426918841
7	0.0251802704124
8	0.00172313968582
9	0.439046663558
10	0.0131657550088
11	0.103225962211
12	0.0610424624117
13	0.00323471739322
14	0.370769152932
15	0.281343771948
16	0.224396926803
17	0.168173657117
18	0.0469047797658
19	0.0412181487195
20	0.0243952414552
