subclone_ID	frequencies
1	0.925939274216
2	0.393584470095
3	0.37486045308
4	0.298842981566
5	0.205820948656
6	0.175450616743
7	0.00161542647811
8	0.512455208756
9	0.461611615462
10	0.400538305098
11	0.302169601996
12	0.224265986792
13	0.199815643702
14	0.179804693978
15	0.168413598269
16	0.142953824194
17	0.117279045396
18	0.0447417121068
19	0.091770012506
20	0.0406563907173
