subclone_ID	frequencies
1	0.781231749536
2	0.772806025532
3	0.722099983534
4	0.683453647306
5	0.0128320907602
6	0.00464900438938
7	0.21942250756
8	0.211172368412
9	0.182072886186
10	0.15583562448
11	0.092376186287
12	0.0885811032266
13	0.404150929835
14	0.204770978226
15	0.0622278042968
16	0.184752112244
17	0.163634532108
18	0.106825557172
19	0.0796590767877
20	0.0054783147332
