subclone_ID	frequencies
1	0.480362699676
2	0.131213737639
3	0.101878941694
4	0.0182367333434
5	0.255263442075
6	0.0691999104884
7	0.239694923116
8	0.337231923425
9	0.158232456826
10	0.151331840194
11	0.00188013123567
12	0.181494873777
13	0.100265770899
14	0.0727916248804
15	0.156802060936
16	0.000429608475608
17	0.181155695309
18	0.121912485918
19	0.0456196916047
20	0.0226063762791
