subclone_ID	frequencies
1	0.988552599798
2	0.959814786398
3	0.159876393373
4	0.0897508386945
5	0.0166807310449
6	0.616467113353
7	0.104113316949
8	0.0438150056653
9	0.0158991682472
10	0.036629115717
11	0.0274232675836
12	0.0120556358083
13	0.403134871694
14	0.393917252364
15	0.322907540278
16	0.271899665405
17	0.211722731436
18	0.100975489181
19	0.0844603723944
20	0.0686438751852
