subclone_ID	frequencies
1	0.950233554426
2	0.314956714803
3	0.246217482612
4	0.0853596010845
5	0.0427578225985
6	0.0486027713397
7	0.0192152868774
8	0.578883579916
9	0.54731307089
10	0.47452673513
11	0.45336167914
12	0.445648557988
13	0.439246134424
14	0.438606805303
15	0.433749585404
16	0.430181270577
17	0.417277129516
18	0.108823882749
19	0.0896375573216
20	0.0807661403554
