subclone_ID	frequencies
1	0.965930865688
2	0.962437718246
3	0.95801443524
4	0.873458872258
5	0.754313311811
6	0.720750210045
7	0.693428613551
8	0.0554291368693
9	0.569431346838
10	0.565419236017
11	0.458047315103
12	0.43486319578
13	0.365778246133
14	0.337247679947
15	0.281311063031
16	0.260844678224
17	0.134766915667
18	0.0758049301327
19	0.0662537462078
20	0.044784153242
