subclone_ID	frequencies
1	0.986320466147
2	0.0613083059582
3	0.430415690573
4	0.0180297492738
5	0.396240342098
6	0.210913327568
7	0.171207649248
8	0.0240720226825
9	0.00028627312272
10	0.411828787597
11	0.214315783829
12	0.0793312553422
13	0.0749620399328
14	0.0261039815753
15	0.186786241838
16	0.186427177344
17	0.105790551071
18	0.0767644761227
19	0.0542729160817
20	0.0884113824565
