subclone_ID	frequencies
1	0.0876970263875
2	0.0405746144037
3	0.0287518375923
4	0.0169697339151
5	0.896078766659
6	0.73525264433
7	0.733969097324
8	0.696101859393
9	0.445040113144
10	0.298271527912
11	0.233822337547
12	0.163551433792
13	0.240854220694
14	0.218978952478
15	0.201463426346
16	0.169637149438
17	0.0484340298106
18	0.0505933046867
19	0.130725921897
20	0.1055867997
