subclone_ID	frequencies
1	0.0049750937415
2	0.899720912992
3	0.823348679
4	0.784001196234
5	0.75893676122
6	0.676710616463
7	0.630350906713
8	0.184867698153
9	0.121758562075
10	0.094409556923
11	0.0763308316927
12	0.0120067767999
13	0.032130284074
14	0.0299722639333
15	0.0766711276339
16	0.363447887411
17	0.318885221066
18	0.171838104387
19	0.166395262965
20	0.0753500607619
