subclone_ID	frequencies
1	0.957590780694
2	0.931285794344
3	0.138799853777
4	0.122376239517
5	0.0240829269894
6	0.775755171971
7	0.754271142106
8	0.682395521563
9	0.646989697497
10	0.632741420469
11	0.627999125308
12	0.528168077534
13	0.525516428844
14	0.503073094374
15	0.418504826965
16	0.338644194338
17	0.331742303534
18	0.327205408052
19	0.28167067475
20	0.0650327795555
