subclone_ID	frequencies
1	0.975975972691
2	0.910659824857
3	0.863660733091
4	0.838730045337
5	0.711019253578
6	0.674017249274
7	0.630346540327
8	0.62815694081
9	0.608375201168
10	0.11512601305
11	0.0613127973079
12	0.470013241232
13	0.466020128125
14	0.441922405467
15	0.400153749795
16	0.319339898431
17	0.110504698755
18	0.0281888161054
19	0.0738730003921
20	0.0176377797796
