subclone_ID	frequencies
1	0.0326047950394
2	0.00371895208443
3	0.955387951021
4	0.890587225671
5	0.867899581558
6	0.837517741168
7	0.13515196079
8	0.0915418045109
9	0.693322314855
10	0.59577284966
11	0.40974520131
12	0.324869149255
13	0.28308700333
14	0.267177118694
15	0.244848903686
16	0.0776627641332
17	0.0741831219286
18	0.0733470561871
19	0.025918432603
20	0.0129698058497
