subclone_ID	frequencies
1	0.986330846873
2	0.882693374036
3	0.244401144567
4	0.236922939544
5	0.236148590119
6	0.183067146294
7	0.0283057169653
8	0.0036816518402
9	0.565320146099
10	0.43924134356
11	0.316975193595
12	0.261063458459
13	0.259889670584
14	0.197577302421
15	0.195037049144
16	0.181936443451
17	0.170856116209
18	0.0766998369368
19	0.0488869243897
20	0.0206551336148
