subclone_ID	frequencies
1	0.999258641892
2	0.0846140452633
3	0.0485438071757
4	0.0396982749708
5	0.0381487530023
6	0.829152265775
7	0.794373228591
8	0.79060858017
9	0.768662793733
10	0.70915217176
11	0.601342936526
12	0.59713785295
13	0.584291126971
14	0.533728617447
15	0.485399124427
16	0.464179718889
17	0.356693041588
18	0.239331657534
19	0.0113930340453
20	0.0524726357591
