subclone_ID	frequencies
1	0.566726458453
2	0.167975317987
3	0.13331364504
4	0.032159351467
5	0.030038812081
6	0.0317741469095
7	0.347176436306
8	0.299991417709
9	0.295569556655
10	0.19223651191
11	0.0840096837804
12	0.0646358427211
13	0.292031757928
14	0.230193286175
15	0.226755444699
16	0.226076565237
17	0.190132892033
18	0.172231101314
19	0.161391600224
20	0.0258076887042
