subclone_ID	frequencies
1	0.0406647443885
2	0.88678488652
3	0.85413563582
4	0.807479718711
5	0.69900457546
6	0.0624610018559
7	0.0484948283377
8	0.00841879032571
9	0.612849115707
10	0.579240123063
11	0.549562546494
12	0.533836162822
13	0.390793565006
14	0.180463977557
15	0.159142864295
16	0.106772007254
17	0.0276740757297
18	0.166365258871
19	0.0741515990059
20	0.0609376733098
