subclone_ID	frequencies
1	0.0235100071271
2	0.00782886432835
3	0.868622769828
4	0.853230714314
5	0.847601648689
6	0.578039184192
7	0.237879986421
8	0.208384922108
9	0.545993279118
10	0.533438496377
11	0.357276054941
12	0.283449031098
13	0.263470984587
14	0.261589858968
15	0.173718762923
16	0.134434084664
17	0.128957393989
18	0.102547723468
19	0.0841536102502
20	0.0242567079159
