subclone_ID	frequencies
1	0.0458634075815
2	0.0447094616182
3	0.0343611134873
4	0.886848274953
5	0.861291861414
6	0.583174639413
7	0.0402296401947
8	0.535799041717
9	0.508551362994
10	0.459837439552
11	0.309728167305
12	0.281099246134
13	0.209674865969
14	0.138528441293
15	0.125583252491
16	0.132203315491
17	0.128954760115
18	0.108576406879
19	0.0815454281341
20	0.0631522012824
