subclone_ID	frequencies
1	0.00971668898841
2	0.639450498591
3	0.587601054555
4	0.0754285121798
5	0.0679767957402
6	0.0395426537317
7	0.0147516684342
8	0.430797686533
9	0.396375446437
10	0.287901947563
11	0.213343144866
12	0.199424390035
13	0.103762613388
14	0.0699884687853
15	0.0160300592771
16	0.312476114516
17	0.242468841879
18	0.162296103479
19	0.119726518928
20	0.0715180855188
