subclone_ID	frequencies
1	0.962831962172
2	0.960623075836
3	0.955436599252
4	0.212432927521
5	0.121676562552
6	0.114500150879
7	0.0340859403845
8	0.645562823327
9	0.597788169976
10	0.411551844401
11	0.392441842852
12	0.36899482446
13	0.304462139792
14	0.279486181552
15	0.163300216833
16	0.157142675095
17	0.146374033043
18	0.0636019321561
19	0.0492626642464
20	0.0322736562756
