subclone_ID	frequencies
1	0.947292925646
2	0.909820173952
3	0.837656809774
4	0.815487143692
5	0.809126615449
6	0.731355664933
7	0.526368377395
8	0.475557971333
9	0.474983088208
10	0.396129962312
11	0.363295966055
12	0.352181820033
13	0.255737486879
14	0.237354625665
15	0.232312966976
16	0.102108854654
17	0.0921137193423
18	0.0698987759497
19	0.0659369745036
20	0.0154628693976
