subclone_ID	frequencies
1	0.871571187162
2	0.0432397195122
3	0.0162952986745
4	0.802170889107
5	0.146532125363
6	0.126500607696
7	0.588060548079
8	0.334104251396
9	0.232725303184
10	0.213592429778
11	0.173590044321
12	0.0529688054375
13	0.0435029530699
14	0.0144072344926
15	0.127182392173
16	0.125068757703
17	0.0773242260192
18	0.00900956918271
19	0.187513747577
20	0.0323946854291
