subclone_ID	frequencies
1	0.0543450664906
2	0.0373124012428
3	0.00410804398416
4	0.0667048281607
5	0.870546916526
6	0.860716954829
7	0.815228674331
8	0.762880310467
9	0.188037014662
10	0.142919225889
11	0.118301917643
12	0.497229653675
13	0.491005217871
14	0.46888585686
15	0.462965666153
16	0.44262347529
17	0.23270136808
18	0.156089916903
19	0.104063451057
20	0.0473021711898
