subclone_ID	frequencies
1	0.576012321805
2	0.542080753705
3	0.18752695135
4	0.166340686435
5	0.121723366491
6	0.119378025309
7	0.0914512530478
8	0.0123216429433
9	0.163807563859
10	0.0302028463907
11	0.193444110326
12	0.0940164566338
13	0.0324117297684
14	0.000870464901042
15	0.237105764157
16	0.211281851593
17	0.181621611677
18	0.0780395486861
19	0.0452328860633
20	0.0725260597752
