subclone_ID	frequencies
1	0.702424146276
2	0.145375179935
3	0.253651205476
4	0.202983716395
5	0.198572025363
6	0.11168125887
7	0.0661880871221
8	0.0279155381377
9	0.363340529353
10	0.230758149361
11	0.141595652555
12	0.115249182916
13	0.12496476024
14	0.0587033206034
15	0.0186426014572
16	0.0182359774217
17	0.103803913512
18	0.0429361950338
19	0.0113652178506
20	0.00653723711607
