subclone_ID	frequencies
1	0.245772194447
2	0.750260003201
3	0.699323275193
4	0.371919314105
5	0.276867332359
6	0.168572962581
7	0.146198756642
8	0.0653846987228
9	0.0618786855848
10	0.00471139641933
11	0.306078693002
12	0.00134094281302
13	0.120987963613
14	0.147887303601
15	0.00844646159644
16	0.10913362429
17	0.103394363705
18	0.0988072765073
19	0.0786972477813
20	0.0223734235819
