subclone_ID	frequencies
1	0.27300927403
2	0.255499003097
3	0.0331877573732
4	0.0861058725005
5	0.0449232780656
6	0.027938100721
7	0.634809528843
8	0.563305848497
9	0.468008448818
10	0.438216682649
11	0.359307858011
12	0.286680257142
13	0.264548971772
14	0.263542705032
15	0.247351451168
16	0.205735677514
17	0.174624645772
18	0.114863288077
19	0.00351956064181
20	0.00147984866864
